编号,优先级,角色,标题,首次提交日,下载版本,发表状态,平台,静态障碍证据,动态障碍证据,输入,建议对比方式,限制,官方代码,代码状态,原文,本地PDF
01_DODGER,A,外部动态导航基线,DODGER: Safety-Guided Reinforcement Learning for Robot Navigation Among Dynamic Obstacles,2026-09-30,2609.38873v2,arXiv 预印本,Unitree G1,可迁移到静态家具场景,原文地面移动障碍/行人；未核实飞球,障碍状态；实机 LiDAR,高层导航接统一低层行走；保留 DPCBF 训练机制,二维导航不能直接处理逐 link 飞球碰撞,https://github.com/PSH0823/dodger,已核实官方仓库含 training/deployment；未运行,https://arxiv.org/abs/2609.38873v2,papers/01_DODGER_2609.38873v2.pdf
02_LP_NavOA,A,外部静态导航基线,LP-NavOA: Integrated Local Navigation and Obstacle Avoidance for Humanoid Robots under Limited Perception,2026-06-22,2606.23249v1,arXiv 预印本,Unitree G1,原文静态墙体与室内障碍,移动障碍列为未来工作,短程测距、本体状态、局部目标,迁入无球教室；统一目标提示；另测联合威胁,原有限感知与当前 state oracle 不同,https://github.com/shenqiqishi/LP-NavOA-code,已核实官方代码；mjlab fork；未运行,https://arxiv.org/abs/2606.23249v1,papers/02_LP_NavOA_2606.23249v1.pdf
03_CoFiT,A,安全过滤联合微调基线,Filter-Aware Fine-Tuning for Safe Humanoid Whole-Body Tracking,2026-10-01,2610.02341v1,arXiv 预印本,Unitree G1 / TWIST2 / SONIC,原文静态球形等安全约束,实机篮球是静止约束物；非飞球,约束上下文、过滤修正历史；实机 MoCap,相同名义策略与过滤器下比较 filter-aware 微调,飞球需时变 CBF；原 tracker 不同,,未确认独立官方代码；不等同 ConstrainedMimic,https://arxiv.org/abs/2610.02341v1,papers/03_CoFiT_2610.02341v1.pdf
04_ConstrainedMimic,A,运行时全身安全过滤基线,Constrained Whole-Body Tracking for Humanoid Robots,2026-05-29,2606.00374v1,arXiv 预印本,Unitree G1（论文仿真）,原文外部障碍与自碰撞约束,未核实飞球任务,全身状态、动力学、接触模式、约束几何,在同一策略外加全身 filter；统一安全几何,需要迁移动力学/接触和动作接口,https://github.com/StanfordASL/constrainedmimic,已核实官方代码；README 标记建设中；未运行,https://arxiv.org/abs/2606.00374v1,papers/04_ConstrainedMimic_2606.00374v1.pdf
05_Egocentric_Dodgeball,A-子任务,飞球感知与奖励对比,Egocentric Tactile and Proximity Sensors as Observation Priors for Humanoid Collision Avoidance,2026-04-28,2604.25554v1,ICRA 2026 RoboTac Workshop 接收（非主会）,H1-2（仿真）,未核实室内绕障,原文飞球躲避,身体分布式理想 proximity/tactile,在 G1 生成 proximity 观测；固定 PPO/AMP 比较 CBF,机器人不同；非边走边躲球；无实机验证,,未确认官方代码,https://arxiv.org/abs/2604.25554v1,papers/05_Egocentric_Dodgeball_2604.25554v1.pdf
06_SafeWBC,B,鲁棒全身安全控制对比,Safety-Critical Whole-Body Control for Humanoid Robots via Input-to-State Safe Control Barrier Functions,2026-05-25,2605.25546v1,arXiv 预印本,TOCABI（官方代码平台）,原文全身避碰等约束,未核实飞球任务,运动学/动力学与约束状态,对照有界扰动下的全身 filter 与当前 CBF 奖励,TOCABI/ROS1/C++ 移植成本高；保证依赖原条件,https://github.com/dyroshumanoid/safeWBC/tree/nightly,已核实官方项目链接与代码；未运行,https://arxiv.org/abs/2605.25546v1,papers/06_SafeWBC_2605.25546v1.pdf
07_RECAL,B,几何感知全身控制对比,Collision-Aware Humanoid Whole-Body Control under Imperfect Tracking Targets,2026-09-14,2609.16405v2,arXiv；原文称投稿 Humanoids 2026，未核实接收,Digit V3,原文杂乱环境全身避碰,未核实飞球任务,环境点云与机器人/物体查询点,同一几何下对比 cross-attention 和盒子观测,只换编码器应标 RECAL-inspired；平台不同,,未确认官方代码,https://arxiv.org/abs/2609.16405v2,papers/07_RECAL_2609.16405v2.pdf
08_RAVEN,B,规划+MPC 静态导航对比,RAVEN: Reinforcement-Adaptive Visibility-Graph Planning for Robust Humanoid Navigation with Collision-Free MPC,2026-07-17,2607.15701v1,arXiv 预印本,人形导航；未独立确认型号,原文静态圆障碍、延迟/噪声,移动障碍列为未来工作,障碍几何、位姿；实机 MoCap,家具平面投影；比较路径效率和延迟鲁棒性,摘要的 dynamic 不等于已验证移动障碍/飞球,,未确认官方代码,https://arxiv.org/abs/2607.15701v1,papers/08_RAVEN_2607.15701v1.pdf
09_Confined_Spaces,C,受限空间全身规划补充,Whole-Body Planning for Humanoids Navigating Confined Spaces via Self-Collision Avoidance References,2026-08-10,2608.10220v1,arXiv 预印本,Unitree G1（仿真）,原文受限空间、多接触,未核实突发飞球,几何、可达体积与规划参考,附加窄通道全身几何实验,长时域规划不同；当前家具盒子禁止钻桌底,,项目页已核验；未确认完整方法代码,https://arxiv.org/abs/2608.10220v1,papers/09_Confined_Spaces_2608.10220v1.pdf
10_FutureRay,C,预测式动态导航补充,FutureRay: Control-Aligned Future Range for Agile Quadruped Navigation,2026-09-26,2609.32158v1,arXiv 预印本,四足,原文包含静态场景,原文包含动态障碍；非人形飞球验证,深度测距历史与机器人运动,统一 G1 底层比较当前测距/恒速预测/学习预测,跨平台与导航接口；需明确适配,,未确认官方代码,https://arxiv.org/abs/2609.32158v1,papers/10_FutureRay_2609.32158v1.pdf
00_PAC_MAN_Upstream,上游,当前仓库基础/内部基线,PAC-MAN: Perception-Aware CBF-RL for Whole-Body Safety in Humanoid Dodgeball,2026-07-30,2607.28623v2,arXiv 预印本,Unitree G1,非本仓库新增教室任务,原文全身躲球,ball-only depth 与 state oracle 对照,同教室输入和预算做上游适配及静态安全消融,不是独立外部方法；原模型观测维度不匹配,https://github.com/lzyang2000/perceptive_cbf_rl,本仓库上游；README 明确引用,https://arxiv.org/abs/2607.28623v2,papers/00_PAC_MAN_Upstream_2607.28623v2.pdf
